time_s,Product,Impurity
0.0,1.6562740091703705e-21,3.3560651726829287e-13
7.214428857715431,2.2500005234644696e-21,4.529299088604227e-13
14.428857715430862,3.0535550351632115e-21,6.102867693957514e-13
21.64328657314629,4.1400118560090235e-21,8.20992615373088e-13
28.857715430861724,5.607510793385018e-21,1.1026733734235177e-12
36.07214428857716,7.587720971125292e-21,1.4786209850530125e-12
43.28657314629258,1.0257116444671162e-20,1.9795623463514213e-12
50.501002004008015,1.3851982055367108e-20,2.6459634713126943e-12
57.71543086172345,1.8688362732520736e-20,3.5310254283149493e-12
64.92985971943888,2.5188557094293192e-20,4.704572730592577e-12
72.14428857715431,3.3916265428079246e-20,6.2580909382114914e-12
79.35871743486975,4.5623170352956487e-20,8.31124134122743e-12
86.57314629258516,6.131060436198931e-20,1.1020270590718848e-11
93.7875751503006,8.231110529456326e-20,1.458884681059201e-11
101.00200400801603,1.1039616077216939e-19,1.9281996991389237e-11
108.21643286573146,1.4791840232559564e-19,2.5444000678186288e-11
115.4308617234469,1.9799906742590648e-19,3.3521321178823735e-11
122.64529058116233,2.647748815871863e-19,4.40919388945567e-11
129.85971943887776,3.5372285409501046e-19,5.790280562204784e-11
137.0741482965932,4.720871279208761e-19,7.591758059705436e-11
144.28857715430863,6.294393615596388e-19,9.93773591933815e-11
151.50300601202406,8.384136432264748e-19,1.2987778861978489e-10
158.7174348697395,1.1156692834173472e-18,1.6946681217252083e-10
165.93186372745492,1.4831508193695629e-18,2.2076833162546898e-10
173.14629258517033,1.9697352459228307e-18,2.871383710037696e-10
180.36072144288576,2.613383209868772e-18,3.7286191843889637e-10
187.5751503006012,3.4639453957480426e-18,4.834005812790015e-10
194.78957915831663,4.5868197990193e-18,6.257035915216125e-10
202.00400801603206,6.06771284989075e-18,8.085976379051415e-10
209.2184368737475,8.018831019891409e-18,1.0432745899606128e-09
216.43286573146293,1.0586924205265564e-17,1.3439005518947724e-09
223.64729458917836,1.396372368318341e-17,1.7283749995678929e-09
230.8617234468938,1.8399473214454402e-17,2.219275200832718e-09
238.07615230460922,2.4220451365839806e-17,2.845028921344294e-09
245.29058116232466,3.1851638331431775e-17,3.6413678378364037e-09
252.5050100200401,4.184600663531891e-17,4.653125428228528e-09
259.7194388777555,5.4922331324364925e-17,5.936456745509477e-09
266.9338677354709,7.201394592074487e-17,7.561573834066596e-09
274.1482965931864,9.433154619963152e-17,9.616110106923499e-09
281.3627254509018,1.2344400351294519e-16,1.220925034391739e-08
288.57715430861725,1.6138224168399135e-16,1.5476790758409067e-08
295.79158316633266,2.1077261784426718e-16,1.9587326580180505e-08
303.0060120240481,2.7500800513839447e-16,2.4749803696315147e-08
310.2204408817635,3.5846700085760676e-16,3.1222717090468817e-08
317.434869739479,4.667944987430799e-16,3.9325293277988134e-08
324.6492985971944,6.072604210483558e-16,4.945105796284412e-08
331.86372745490985,7.89217894751789e-16,6.208426523072468e-08
339.07815631262525,1.0246878148016986e-15,7.781975242138024e-08
346.29258517034066,1.3291038621243596e-15,9.7386887282089e-08
353.5070140280561,1.7222610050792578e-15,1.2167839320866144e-07
360.7214428857715,2.229521770391881e-15,1.5178497668902078e-07
367.935871743487,2.883348695622607e-15,1.890368410933166e-07
375.1503006012024,3.7252490806288536e-15,2.35053355591848e-07
382.36472945891785,4.8082403217180556e-15,2.918023603991241e-07
389.57915831663325,6.1999718312431905e-15,3.616708332018392e-07
396.7935871743487,7.98667416832121e-15,4.475489202888545e-07
404.0080160320641,1.027814920276414e-14,5.529296536147316e-07
411.2224448897796,1.321406896486241e-14,6.820270361334281e-07
418.436873747495,1.697191783857368e-14,8.399155868441667e-07
425.65130260521045,2.1776996062433318e-14,1.0326948989499303e-06
432.86573146292585,2.7915005956800215e-14,1.2676832844002134e-06
440.0801603206413,3.574787062094745e-14,1.5536451610908192e-06
447.2945891783567,4.57335938321517e-14,1.9010574904313994e-06
454.5090180360722,5.845116662835625e-14,2.3224212981832475e-06
461.7234468937876,7.463176924937845e-14,2.832625115636654e-06
468.937875751503,9.519781735970754e-14,3.449368066344471e-06
476.15230460921845,1.213117717282204e-13,4.193651300396248e-06
483.36673346693385,1.5443708658046468e-13,5.090347547709802e-06
490.5811623246493,1.9641423288170768e-13,6.168859727400634e-06
497.7955911823647,2.4955542221365623e-13,7.4638808143697645e-06
505.0100200400802,3.167625030384964e-13,9.016268528009109e-06
512.2244488977956,4.01673538396362e-13,1.0874049871033902e-05
519.438877755511,5.088448441123959e-13,1.3093572106765535e-05
526.6533066132265,6.439768197807423e-13,1.574081841637842e-05
533.8677354709419,8.141938020055884e-13,1.8892908216828778e-05
541.0821643286573,1.028390484034081e-12,2.26398039355856e-05
548.2965931863728,1.2976602664671226e-12,2.7086247916715465e-05
555.5110220440882,1.6358243366122822e-12,3.2353955057372034e-05
562.7254509018036,2.0600844471340668e-12,3.858408872310012e-05
569.939879759519,2.59182743142692e-12,4.594004943871031e-05
577.1543086172345,3.257615637500968e-12,5.461060776783501e-05
584.3687374749499,4.090404904243202e-12,6.481341464213704e-05
591.5831663326653,5.131040706775514e-12,7.679892413811952e-05
598.7975951903808,6.430093975280822e-12,9.085476527699911e-05
606.0120240480962,8.050111218401055e-12,0.00010731060078609077
613.2264529058116,1.0068369403643502e-11,0.00012654351184694516
620.440881763527,1.2580245092772641e-11,0.00014898394859769708
627.6553106212425,1.570333022857755e-11,0.00017512228647980198
634.869739478958,1.958245446593574e-11,0.00020551602834116618
642.0841683366733,2.4395806916923615e-11,0.0002407976914413066
649.2985971943888,3.0362389679708425e-11,0.00028168341705688454
656.5130260521042,3.775108277511623e-11,0.0003289823381604473
663.7274549098197,4.6891656574172435e-11,0.0003836067375406955
670.941883767535,5.8188135172648004e-11,0.00044658302464603236
678.1563126252505,7.213499446231636e-11,0.0005190635542609627
685.370741482966,8.933677421960893e-11,0.0006023393037646851
692.5851703406813,1.1053179714226912e-10,0.0006978534180740978
699.7995991983968,1.3662082264528803e-10,0.0008072156223462282
707.0140280561122,1.6870162315537374e-10,0.0009322174920234718
714.2284569138277,2.0811066002495517e-10,0.0010748485577761477
721.442885771543,2.5647326015607176e-10,0.0012373132092726728
728.6573146292585,3.157639589534599e-10,0.0014220483464488182
735.871743486974,3.8837898725150636e-10,0.001631741710036016
743.0861723446894,4.77223247426433e-10,0.001869350804553352
750.3006012024048,5.858145563281958e-10,0.002138122306805538
757.5150300601202,7.184084407163391e-10,0.002441611831231746
764.7294589178357,8.801473669918202e-10,0.002783703900324964
771.9438877755512,1.077238985510213e-09,0.0031686319439375365
779.1583166332665,1.3171687871248965e-09,0.00360099812579711
786.372745490982,1.6089535247798362e-09,0.004085792769217152
793.5871743486974,1.9634428676675796e-09,0.004628413127083308
800.8016032064129,2.393678054555034e-09,0.005234681214067884
808.0160320641282,2.915317824779888e-09,0.005910860392055695
815.2304609218437,3.54714366256608e-09,0.006663670373391761
822.4448897795592,4.311658429639721e-09,0.007500300281270127
829.6593186372745,5.235794824657055e-09,0.008428419382903705
836.87374749499,6.3517528433681425e-09,0.009456185089620156
844.0881763527054,7.697988574758857e-09,0.010592247799327815
851.3026052104209,9.320380316753052e-09,0.011845752141527945
858.5170340681362,1.1273602199392182e-08,0.013226334173875887
865.7314629258517,1.3622740341474739e-08,0.01474411407288694
872.9458917835672,1.6445192125843153e-08,0.016409683860417527
880.1603206412826,1.983289555697295e-08,0.018234089712691613
887.374749498998,2.3894942972149303e-08,0.020228808410522207
894.5891783567134,2.876064173718657e-08,0.02240571750859863
901.8036072144289,3.458309410642588e-08,0.024777058828810157
909.0180360721444,4.154337931724121e-08,0.027355394918030487
916.2324649298597,4.985543339099756e-08,0.030153558154970644
923.4468937875752,5.977173621323439e-08,0.0331845922439004
930.6613226452906,7.158993147357033e-08,0.036461685895388396
937.875751503006,8.566052318965807e-08,0.03999809856573973
945.0901803607214,1.0239581307180602e-07,0.04380707820736924
952.3046092184369,1.2228026618260868e-07,0.04790177107164439
959.5190380761524,1.4588251851243774e-07,0.05229512370327571
966.7334669338677,1.7386926955831407e-07,0.05699977737045648
973.9478957915832,2.070213361213684e-07,0.062027955286804
981.1623246492986,2.462521807187417e-07,0.06739134309866554
988.3767535070141,2.9262926966393575e-07,0.07310096323329143
995.5911823647294,3.4739866246342413e-07,0.07916704382829291
1002.8056112224449,4.1201328619992127e-07,0.08559888308909125
1010.0200400801604,4.881654065526837e-07,0.0924047100469384
1017.2344689378758,5.778238716078939e-07,0.09959154281363014
1024.4488977955912,6.832767762383159e-07,0.1071650455481767
1031.6633266533067,8.071802742191151e-07,0.11512938546330917
1038.877755511022,9.52614353068353e-07,0.12348709130355835
1046.0921843687374,1.1231464835632935e-06,0.13223891481951427
1053.306613226453,1.3229041627256924e-06,0.14138369684250704
1060.5210420841684,1.5566574865587588e-06,0.1509182396281824
1067.7354709418837,1.8299130177484207e-06,0.16083718718416984
1074.9498997995993,2.1490203547252813e-06,0.17113291532430625
1082.1643286573146,2.5212929627498816e-06,0.1817954331979309
1089.37875751503,2.955144995868587e-06,0.19281229802605954
1096.5931863727455,3.4602460215248253e-06,0.20416854473550242
1103.807615230461,4.047695758125838e-06,0.2158466321162902
1111.0220440881765,4.7302211507599214e-06,0.22782640703649315
1118.2364729458918,5.5223983422984664e-06,0.2400850881314409
1125.4509018036072,6.440902347019384e-06,0.25259727024171746
1132.6653306613227,7.504787502296548e-06,0.2653349507066828
1139.879759519038,8.735802061379926e-06,0.27826757842880684
1147.0941883767534,1.0158740597290571e-05,0.2913621264102835
1154.308617234469,1.180183821469686e-05,0.3045831882292088
1161.5230460921844,1.3697210913486543e-05,0.317893098670504
1168.7374749498997,1.5881346814581664e-05,0.33125207845955107
1175.9519038076153,1.839565334511883e-05,0.3446184027674117
1183.1663326653306,2.1287065885957055e-05,0.3579485928691057
1190.3807615230462,2.4608723808805568e-05,0.37119763004459033
1197.5951903807616,2.8420720271998595e-05,0.38431919051988417
1204.809619238477,3.279093260164159e-05,0.3972658999575834
1212.0240480961925,3.7795940556665904e-05,0.40998960572610976
1219.2384769539078,4.3522040259983296e-05,0.42244166490993906
1226.4529058116232,5.006636207066192e-05,0.43457324577310674
1233.6673346693387,5.753810117056305e-05,0.4463356401597344
1240.881763527054,6.605987013934462e-05,0.4576805841122608
1248.0961923847697,7.576918328968708e-05,0.4685605838142179
1255.310621242485,8.682008302491439e-05,0.4789292438231796
1262.5250501002004,9.938491895810853e-05,0.48874159445394105
1269.739478957916,0.00011365629098878,0.49795441510446625
1276.9539078156313,0.00012984916796294658,0.5065265502896674
1284.1683366733466,0.00014820319393700945,0.5144192151619129
1291.3827655310622,0.00016898519441622522,0.5215962873530008
1298.5971943887776,0.0001924918952352429,0.5280245820702018
1305.811623246493,0.0002190528669805649,0.5336741075181906
1313.0260521042085,0.00024903370801158796,0.5385182978978934
1320.2404809619238,0.0002828394792060448,0.5425342214504932
1327.4549098196394,0.00032091840352418537,0.5457027612673784
1334.6693386773547,0.00036376584334040543,0.5480087668714363
1341.88376753507,0.0004119285682168729,0.5494411748879973
1349.0981963927857,0.00046600932537608635,0.5499930974605935
1356.312625250501,0.0005266717245528626,0.5496618774228341
1363.5270541082164,0.0005946454481550839,0.5484491096080243
1370.741482965932,0.0006707317967204428,0.5463606280574053
1377.9559118236473,0.0007558095785073011,0.5434064592705752
1385.1703406813626,0.0008508413506852154,0.5396007420222723
1392.3847695390782,0.0009568800179786741,0.5349616146427707
1399.5991983967936,0.0010750757927506312,0.5295110710192986
1406.8136272545091,0.0012066835183755773,0.5232747869180302
1414.0280561122245,0.0013530703553309004,0.5162819185455169
1421.2424849699398,0.0015157238267179414,0.5085648755604798
1428.4569138276554,0.0016962602168983135,0.5001590710077888
1435.6713426853707,0.0018964333135880868,0.4911026508727607
1442.885771543086,0.0021181434800844755,0.4814362061428374
1450.1002004008017,0.002363447040301798,0.4712024704130768
1457.314629258517,0.002634565954964288,0.4604460061801755
1464.5290581162326,0.002933897762643317,0.4492128830361105
1471.743486973948,0.003264025754340789,0.43755035099680345
1478.9579158316633,0.003627729345018235,0.4255065121839354
1486.1723446893789,0.004027994599863925,0.4131299940204044
1493.3867735470942,0.004468024867197796,0.40046962700362676
1500.6012024048096,0.004951251463757294,0.38757412998832685
1507.8156312625251,0.00548134435171459,0.37449180574448315
1515.0300601202405,0.006062222740181255,0.36127024935998325
1522.2444889779558,0.0066980655371988215,0.34795607183499716
1529.4589178356714,0.007393321571337845,0.334594640970097
1536.6733466933867,0.00815271949508645,0.3212298413869154
1543.8877755511023,0.008981277275258766,0.3079038552430301
1551.1022044088177,0.00988431116875651,0.2946569649162269
1558.316633266533,0.01086744407524692,0.2815273786416701
1565.5310621242486,0.01193661315174754,0.26855107979321785
1572.745490981964,0.01309807656781976,0.2557617002112175
1579.9599198396793,0.014358419274152462,0.2431904176976082
1587.1743486973949,0.01572455765185538,0.23086587752866433
1594.3887775551102,0.017203742904878944,0.2188141375795379
1601.6032064128258,0.018803563053730172,0.20705863641585429
1608.8176352705411,0.02053194338516354,0.1956201834885166
1616.0320641282565,0.022397145209904438,0.18451697037063255
1623.246492985972,0.024407762778805717,0.17376460180180442
1630.4609218436874,0.026572718207260648,0.16337614515604304
1637.6753507014027,0.02890125425829873,0.1533621968260725
1644.8897795591183,0.03140292483667365,0.14373096391907572
1652.1042084168337,0.0340875830495209,0.1344883595868648
1659.318637274549,0.03696536669390445,0.12563811026655744
1666.5330661322646,0.04004668103787,0.11718187308523945
1673.74749498998,0.04334217876956439,0.1091193616825783
1680.9619238476955,0.04686273699862681,0.10144847872747537
1688.1763527054109,0.05061943120546014,0.09416545344689037
1695.3907815631262,0.05462350604720959,0.08726498254500122
1702.6052104208418,0.05888634294431131,0.08074037296686329
1709.8196392785571,0.06341942438836737,0.07458368505049273
1717.0340681362725,0.06823429493082571,0.06878587471262185
1724.248496993988,0.07334251883247729,0.0633369334240121
1731.4629258517034,0.07875563437608434,0.0582260248479231
1738.6773547094188,0.0844851048684512,0.05344161713797332
1745.8917835671343,0.09054226638384866,0.04897161001710832
1753.1062124248497,0.0969382723277986,0.04480345588574679
1760.3206412825652,0.10368403492868102,0.040924274332592124
1767.5350701402806,0.11079016379425513,0.037320959544425394
1774.749498997996,0.11826690170085409,0.03398028022993256
1781.9639278557115,0.1261240578144486,0.030888971785996346
1789.1783567134269,0.13437093857479943,0.028033820541773127
1796.3927855711422,0.14301627650625193,0.025401740015385622
1803.6072144288578,0.1520681572510895,0.0229798392094724
1810.8216432865731,0.16153394515348787,0.020755483054613895
1818.0360721442887,0.17142020775366754,0.018716345183459184
1825.250501002004,0.1817326395824985,0.01685045328302908
1832.4649298597194,0.19247598567627308,0.015146227328140732
1839.679358717435,0.20365396525921767,0.013592511045316454
1846.8937875751503,0.2152691960672822,0.012178596994141264
1854.1082164328657,0.22732311981042755,0.010894245682181905
1861.3226452905812,0.23981592929167997,0.009729699150723184
1868.5370741482966,0.252746497719323,0.008675689482237658
1875.751503006012,0.26611231076338016,0.007723442687270661
1882.9659318637275,0.2799094019186983,0.00686467842892299
1890.1803607214429,0.29413229174417915,0.0060916060380033325
1897.3947895791584,0.3087739315507416,0.005396917261877534
1904.6092184368738,0.3238256521091462,0.004773776175735456
1911.8236472945891,0.3392771179427307,0.004215806667091444
1919.0380761523047,0.3551162877591071,0.0037170778834807734
1926.25250501002,0.3713293815589044,0.003272088010125304
1933.4669338677354,0.38790085493855136,0.0028757467194018274
1940.681362725451,0.4048133810778227,0.002523356607797317
1947.8957915831663,0.42204784087145436,0.002210593909172212
1955.110220440882,0.4395833216275858,0.0019334887460255752
1962.3246492985973,0.45739712471418154,0.001688405153463503
1969.5390781563126,0.47546478248816454,0.0014720210840620336
1976.7535070140282,0.49376008479084493,0.0012813085760885596
1983.9679358717435,0.5122551152377336,0.001113514242849805
1991.1823647294589,0.5309202974712408,0.0009661402174740318
1998.3967935871744,0.5497244514814458,0.0008369256653691754
2005.6112224448898,0.5686348600335763,0.0007238289560444595
2012.8256513026051,0.5876173451714564,0.000625010567021034
2020.0400801603207,0.6066363546945231,0.0005388167752331106
2027.254509018036,0.6256550584326517,0.00046376417564956973
2034.4689378757516,0.644635454068551,0.00039852505281615265
2041.683366733467,0.6635384821824947,0.00034191361859545844
2048.8977955911823,0.6823241501193893,0.00029287311851220827
2056.112224448898,0.7009516642042015,0.00025046379972557393
2063.3266533066135,0.7193795697593759,0.00021385172566657472
2070.5410821643286,0.7375658983076986,0.00018229841570571013
2077.755511022044,0.7554683212768175,0.00015515128275631046
2084.9699398797597,0.7730443094579816,0.00013183483737083155
2092.184368737475,0.7902512974122491,0.00011184262354694008
2099.3987975951904,0.8070468519629479,9.47298490246173e-05
2106.613226452906,0.8233888438642821,8.01066712228917e-05
2113.827655310621,0.839235621693198,6.763209903709225e-05
2121.0420841683367,0.8545461869754245,5.700847040073855e-05
2128.2565130260523,0.8692803695275096,4.797646572152187e-05
2135.4709418837674,0.8833990019751057,4.031061794545606e-05
2142.685370741483,0.8968640923939724,3.3815281010609436e-05
2149.8997995991986,0.9096389940145131,2.832101975180334e-05
2157.1142284569137,0.9216885709333288,2.368138584695508e-05
2164.3286573146293,0.932979358786309,1.977004609766704e-05
2171.543086172345,0.9434797193572929,1.6478231161018767e-05
2178.75751503006,0.9531599881242592,1.371247475238064e-05
2185.9719438877755,0.9619926137811553,1.1392615282541175e-05
2193.186372745491,0.969952288817708,9.450033844164641e-06
2200.400801603206,0.9770160702915404,7.826104395462445e-06
2207.615230460922,0.9831634899862562,6.470833880668679e-06
2214.8296593186374,0.9883766532154167,5.341671859440822e-06
2222.044088176353,0.9926403256049963,4.40247097660334e-06
2229.258517034068,0.9959420072653411,3.622581279100258e-06
2236.4729458917836,0.9982719938472421,2.9760629710513126e-06
2243.687374749499,0.9996234240647419,2.4410036855002057e-06
2250.9018036072143,0.9999923133589754,1.998927740133904e-06
2258.11623246493,0.9993775734718838,1.6342861331960531e-06
2265.3306613226455,0.9977810177952335,1.3340172258431298e-06
2272.5450901803606,0.9952073524581424,1.0871691504236298e-06
2279.759519038076,0.9916641532144173,8.845759837515058e-07
2286.9739478957918,0.9871618282885678,7.18580634329303e-07
2294.188376753507,0.9817135674355111,5.827982171809842e-07
2301.4028056112224,0.9753352775628905,4.719144344066728e-07
2308.617234468938,0.9680455053557685,3.815141489513395e-07
2315.831663326653,0.9598653474304162,3.079359386901346e-07
2323.0460921843687,0.9508183486262948,2.4814895309306756e-07
2330.2605210420843,0.9409303891223837,1.9964887068687074e-07
2337.4749498997994,0.9302295611351046,1.603701773866653e-07
2344.689378757515,0.9187460360196853,1.2861235843317714e-07
2351.9038076152306,0.9065119226543529,1.0297792481502145e-07
2359.118236472946,0.8935611180367956,8.232048308772823e-08
2366.3326653306613,0.8799291510645922,6.570130954712252e-08
2373.547094188377,0.8656530205054145,5.235310960607397e-08
2380.7615230460924,0.850771028188643,4.164983449733722e-08
2387.9759519038075,0.8353226084674138,3.308159332455978e-08
2395.190380761523,0.8193481550090754,2.62338419665694e-08
2402.4048096192387,0.8028888459726058,2.077015408971214e-08
2409.619238476954,0.785986468623803,1.641798596065859e-08
2416.8336673346694,0.7686832444233452,1.2956938052674832e-08
2424.048096192385,0.7510216555993164,1.0209094546391223e-08
2431.2625250501,0.7330442741848575,8.031088472818388e-09
2438.4769539078156,0.7147935944637566,6.3075969666225285e-09
2445.691382765531,0.6963118697224141,4.9460192467622956e-09
2452.9058116232463,0.6776409541562551,3.872130711771043e-09
2460.120240480962,0.658822150722969,3.026540973118425e-09
2467.3346693386775,0.6398960656744803,2.3618126646397673e-09
2474.5490981963926,0.6209024704349173,1.8401222530310778e-09
2481.763527054108,0.6018801714238458,1.4313645225173627e-09
2488.9779559118238,0.5828668883532256,1.1116195112945364e-09
2496.1923847695393,0.5638991414536688,8.619149511416663e-10
2503.4068136272545,0.5450121480113828,6.672291452684375e-10
2510.62124248497,0.5262397285222525,5.156890902539907e-10
2517.8356713426856,0.5076142226946352,3.979268279188224e-10
2525.0501002004007,0.48916641545813666,3.065637762952302e-10
2532.2645290581163,0.4709254730626745,2.357983682008868e-10
2539.478957915832,0.45291888928100665,1.8107691819072394e-10
2546.693386773547,0.4351724416591474,1.3883141005341604e-10
2553.9078156312626,0.4177101576933341,1.0627098739760702e-10
2561.122244488978,0.4005542907498037,8.121645663527192e-11
2568.3366733466933,0.3837253054849966,6.196917308644639e-11
2575.551102204409,0.3672418724694002,4.7207359045489097e-11
2582.7655310621244,0.3511208716682657,3.590426578299722e-11
2589.9799599198395,0.3353774043871521,2.726369635245866e-11
2597.194388777555,0.32002481324994386,2.06692997357507e-11
2604.4088176352707,0.30507470974170636,1.5644768142976747e-11
2611.623246492986,0.29053700881857886,1.1822650201616438e-11
2618.8376753507014,0.27641997006197183,8.919959658383245e-12
2626.052104208417,0.26273024483452184,6.719133673065591e-12
2633.2665330661325,0.24947292888052033,5.053194481139363e-12
2640.4809619238476,0.23665161980381633,3.7942075691691906e-12
2647.695390781563,0.22426847885125228,2.844320294292077e-12
2654.909819639279,0.2123242964294186,2.128816633484507e-12
2662.124248496994,0.20081856078658714,1.590744208662546e-12
2669.3386773547095,0.18974952929995398,1.1867651585501122e-12
2676.553106212425,0.17911430182041196,8.839578674972541e-13
2683.76753507014,0.16890889554270078,6.573560803140434e-13
2690.9819639278558,0.15912832088766515,4.880587959603878e-13
2698.1963927855713,0.14976665790509763,3.617811583784233e-13
2705.4108216432865,0.140817132729909,2.67745442293646e-13
2712.625250501002,0.13227219365085474,1.9783383485856936e-13
2719.8396793587176,0.12412358637934442,1.4594236956095112e-13
2727.0541082164327,0.11636242813562693,1.0748913253675239e-13
2734.2685370741483,0.10897928020058148,7.904057004751159e-14
2741.482965931864,0.10196421861306788,5.802804116520686e-14
2748.697394789579,0.09530690272498518,4.2533203909305596e-14
2755.9118236472946,0.08899664135859378,3.1125807473633236e-14
2763.12625250501,0.08302245634292647,2.2741310949342164e-14
2770.3406813627253,0.07737314323800808,1.6588713519705963e-14
2777.555110220441,0.07203732908688043,1.2081260776033318e-14
2784.7695390781564,0.06700352706585007,8.784441426311659e-15
2791.983967935872,0.06226018793272535,6.3770288967304055e-15
2799.198396793587,0.05779574820094764,4.621946983119786e-15
2806.4128256513027,0.053598674994245164,3.3445205985855543e-15
2813.6272545090183,0.049657507561657994,2.416268162953297e-15
2820.8416833667334,0.04596089545635255,1.742844856786252e-15
2828.056112224449,0.04249763340351555,1.255089417166449e-15
2835.2705410821645,0.03925669290270378,9.023872431146352e-16
2842.4849699398796,0.036227250628285315,6.477591667568794e-16
2849.699398797595,0.03339871370804215,4.642335558851976e-16
2856.913827655311,0.030760741974585927,3.3217108992945555e-16
2864.128256513026,0.02830326729699183,2.3729548496036083e-16
2871.3426853707415,0.0260165101110226,1.6924640766530604e-16
2878.557114228457,0.02389099327552735,1.2051796359500136e-16
2885.771543086172,0.02191755339011926,8.568137968675474e-17
2892.9859719438878,0.020087349715143366,6.081678506648625e-17
2900.2004008016033,0.018391870839310345,4.309856466162762e-17
2907.4148296593185,0.016822939243279524,3.0493304892197313e-17
2914.629258517034,0.01537271390903461,2.1540140237735656e-17
2921.8436873747496,0.01403369112519134,1.5191298510590308e-17
2929.058116232465,0.01279870363751661,1.0696547154116897e-17
2936.2725450901803,0.011660918292035702,7.519598685541046e-18
2943.486973947896,0.010613832315250754,5.277740801993683e-18
2950.7014028056115,0.009651268372307788,3.698314095624343e-18
2957.9158316633266,0.008767368539526383,2.587389843086035e-18
2965.130260521042,0.007956587322655423,1.807266864976291e-18
2972.3446893787577,0.007213683846633671,1.2603322355102876e-18
2979.559118236473,0.0065337133366113135,8.775060986958794e-19
2986.7735470941884,0.00591201800362205,6.099827922707128e-19
2993.987975951904,0.005344217441666666,4.2333810827319416e-19
3001.202404809619,0.004826198636158024,2.933320294050855e-19
3008.4168336673347,0.004354105676762806,2.029242502267184e-19
3015.6312625250503,0.003924329260720569,1.401556965370876e-19
3022.8456913827654,0.003533496065789444,9.664733857164867e-20
3030.060120240481,0.003178458065118328,6.653825164403195e-20
3037.2745490981965,0.0028562818496239793,4.573568754379245e-20
3044.4889779559117,0.002564238016903631,3.138639096394222e-20
3051.703406813627,0.0022997906793777757,2.150452673729004e-20
3058.917835671343,0.002060587138264778,1.4710273222345737e-20
3066.1322645290584,0.0018444477641650291,1.0046480142440611e-20
3073.3466933867735,0.001649356119500946,6.850297962752979e-21
3080.561122244489,0.0014734493528341648,4.6634501104643835e-21
3087.7755511022046,0.0013150088901768189,3.169622557341576e-21
3094.9899799599198,0.001172451443835754,2.1508499012310065e-21
3102.2044088176353,0.0010443203550823837,1.457186032416064e-21
3109.418837675351,0.0009292772830259653,9.856488887428624e-22
3116.633266533066,0.0008260942484815209,6.656283555135265e-22
3123.8476953907816,0.0007336460383610394,4.487905806974571e-22
3131.062124248497,0.0006509029731688453,3.021050556250311e-22
3138.2765531062123,0.0005769240375396002,2.0303672233712834e-22
3145.490981963928,0.0005108503714090408,1.3623651815759118e-22
3152.7054108216435,0.0004518991173393802,9.126721922952419e-23
3159.9198396793586,0.0003993576177194368,6.104336165802049e-23
3167.134268537074,0.0003525779540090313,4.076283743647164e-23
3174.3486973947897,0.0003109718188819766,2.717644921699238e-23
3181.563126252505,0.0002740057110260353,1.8089366561248776e-23
3188.7775551102204,0.00024119644146551437,1.2021435954920891e-23
3195.991983967936,0.00021210693956615062,7.976119934482588e-24
3203.2064128256516,0.00018634234634661405,5.283592868944948e-24
3210.4208416833667,0.0001635463823407309,3.4943737640358935e-24
3217.6352705410823,0.0001433979770138074,2.307340597962232e-24
3224.849699398798,0.00012560814662069744,1.5210952152153861e-24
3232.064128256513,0.00010991710738816371,1.001159871288855e-24
3239.2785571142285,9.609161099633587e-05,6.578892777858542e-25
3246.492985971944,8.392248951089474e-05,4.31622945274191e-25
3253.7074148296592,7.322239716706102e-05,2.8272133341436286e-25
3260.921843687375,6.382373671754763e-05,1.8489066222650395e-25
3268.1362725450904,5.5576758418954386e-05,1.2071846832490786e-25
3275.3507014028055,4.834782013521398e-05,7.869276332085578e-26
3282.565130260521,4.201779747401467e-05,5.121512257106094e-26
3289.7795591182366,3.648063333474204e-05,3.3278518028746357e-26
3296.9939879759518,3.1642016727314296e-05,2.158897782885118e-26
3304.2084168336673,2.7418181214044788e-05,1.398306974195415e-26
3311.422845691383,2.373481382569632e-05,9.042224972001153e-27
3318.637274549098,2.052606580325009e-05,5.837816417222104e-27
3325.8517034068136,1.7733657014337454e-05,3.762945253707471e-27
3333.066132264529,1.530606638402398e-05,2.421629548835552e-27
3340.2805611222448,1.319780116056525e-05,1.555929287249953e-27
3347.49498997996,1.136873830524042e-05,9.98100664949603e-28
3354.7094188376755,9.783531749226661e-06,6.392359263625041e-28
3361.923847695391,8.411079697987755e-06,4.08743017289599e-28
3369.138276553106,7.224046583440255e-06,2.609407214491004e-28
3376.3527054108217,6.1984346652495474e-06,1.6631664361331106e-28
3383.5671342685373,5.313200664281267e-06,1.058356316925128e-28
3390.7815631262524,4.549913173082731e-06,6.724042371918707e-29
3397.995991983968,3.89244693011071e-06,4.265120619453231e-29
3405.2104208416836,3.32671036628201e-06,2.7010618870162494e-29
3412.4248496993987,2.8404031345061146e-06,1.707812126857244e-29
3419.6392785571143,2.422800615524667e-06,1.078072560191233e-29
3426.85370741483,2.0645626571090217e-06,6.79451141135304e-30
3434.068136272545,1.7575640490375173e-06,4.275341530075321e-30
3441.2825651302605,1.494744463960363e-06,2.685874621304807e-30
3448.496993987976,1.269975804985445e-06,1.6846240586469896e-30
3455.7114228456912,1.0779450953627455e-06,1.0549274733872288e-30
3462.925851703407,9.140512248172658e-07,6.595451754361128e-31
3470.1402805611224,7.74314031706392e-07,4.11688593063082e-31
3477.3547094188375,6.552943510950708e-07,2.5656384816776605e-31
3484.569138276553,5.540237968854724e-07,1.5963364451099215e-31
3491.7835671342687,4.679431721320782e-07,9.916438844538565e-32
3498.997995991984,3.94848516427082e-07,6.150202109033144e-32
3506.2124248496993,3.3284390354259674e-07,3.808249369301066e-32
3513.426853707415,2.8030019712527857e-07,2.3543103440767468e-32
3520.6412825651305,2.3581905788728853e-07,1.453129714879578e-32
3527.8557114228456,1.9820157312293754e-07,8.954624883345411e-33
3535.070140280561,1.6642094916747576e-07,5.509253452612248e-33
3542.2845691382768,1.3959877023140825e-07,3.3840786529435844e-33
3549.498997995992,1.1698438348279385e-07,2.0753458706573354e-33
3556.7134268537075,9.793702086729173e-08,1.2706995118527095e-33
3563.927855711423,8.191031347071289e-08,7.767791893805857e-34
3571.142284569138,6.84388947259735e-08,4.740832831226088e-34
3578.3567134268537,5.712682489529542e-08,2.888777165437427e-34
3585.5711422845693,4.7637601435412854e-08,1.7574208894165364e-34
3592.7855711422844,3.9685548462488225e-08,1.0674311370528653e-34
3600.0,3.302840392785224e-08,6.473010191569198e-35
